#,Keyword,Country,Difficulty,Volume,CPC,CPS,Parent Keyword,Last Update,SERP Features,Global volume,Traffic potential,Global traffic potential,First seen,Mobile,Desktop,Growth (3mo),Growth (6mo),Growth (12mo),Global Growth (3mo),Global Growth (6mo),Global Growth (12mo),Growth forecast (12mo),Intents,Languages,SV trend (09-2024 - 08-2026),SV Forecasting trend (09-2026 - 09-2027),Category
1,how to clean cat water fountain,ca,0,20,,,how to clean cat water fountain,2026-08-16 03:58:53,"AI Overview,Thumbnail,Videos,People also ask,Discussions,Video preview",250,10,200,2020-02-26,0.8,0.2,,,,2.36,5.02,10.86,,"Informational,Non-branded,Non-local",English,"18, 20, 23, 18, 28, 19, 22, 28, 22, 20, 24, 18, 19, 28, 23, 26, 22, 18, 25, 17, 22, 13, 30, 8",18,Cats; Expert content
2,how often to clean cat water fountain,ca,,20,,,,,,250,,,2018-05-06,,,,,,3.24,6.52,14.62,,,,"12, 10, 18, 16, 13, 7, 14, 15, 9, 12, 10, 18, 16, 20, 24, 18, 33, 15, 19, 27, 18, 29, 23, 30",22,
3,how to clean cat water fountain pump,ca,,20,,,,,,150,,,2017-10-20,,,,,,,,,,,,"19, 12, 14, 20, 17, 23, 13, 18, 9, 17, 15, 11, 16, 16, 15, 9, 21, 21, 20, 8, 20, 17, 12, 13",14,
4,how to fix cat water fountain pump,ca,,10,,,,,,60,,,2022-01-17,,,,,,,,,,,,"0, 0, 2, 8, 5, 4, 2, 7, 6, 6, 4, 5, 3, 8, 4, 6, 7, 3, 4, 5, 11, 7, 3, 4",6,
5,how often should you clean a cat water fountain,ca,,10,,,,,,50,,,2022-09-06,,,,,,,,,,,,"2, 4, 0, 5, 3, 3, 2, 2, 1, 5, 7, 4, 3, 7, 3, 13, 7, 9, 4, 6, 9, 6, 1, 7",5,
6,how often to change cat water fountain filter,ca,,10,,,,,,100,,,2022-04-02,,,,,,,,,,,,"23, 15, 19, 10, 20, 20, 21, 19, 12, 12, 16, 15, 11, 15, 10, 12, 12, 12, 13, 17, 8, 19, 16, 18",19,
7,how often to change filter in cat water fountain,ca,,10,,,,,,80,,,2020-08-15,,,,,,,,,,,,"5, 10, 7, 6, 3, 9, 6, 6, 6, 6, 8, 4, 6, 6, 12, 6, 7, 9, 11, 8, 6, 12, 12, 11",14,
8,what is the best cat water fountain,ca,,10,0.40,,,,,150,,,2020-01-13,,,,,,,,,,,,"7, 9, 8, 2, 7, 7, 2, 3, 2, 4, 9, 10, 17, 3, 7, 9, 12, 3, 5, 9, 6, 11, 21, 39",23,
9,how to put filter in cat water fountain,ca,,10,,,,,,40,,,2020-06-26,,,,,,,,,,,,"3, 2, 0, 2, 0, 0, 2, 2, 5, 4, 7, 10, 10, 11, 3, 3, 2, 10, 6, 10, 4, 6, 13, 5",9,
10,how often clean cat water fountain,ca,,10,,,,,,60,,,2021-08-30,,,,,,,,,,,,"0, 9, 1, 3, 2, 3, 2, 1, 3, 3, 2, 7, 2, 1, 8, 8, 9, 4, 5, 6, 7, 4, 4, 4",5,
11,how often to change cat water fountain,ca,,10,,,,,,40,,,2021-01-11,,,,,,,,,,,,"3, 9, 2, 4, 1, 3, 6, 0, 2, 1, 3, 1, 4, 2, 1, 4, 4, 3, 2, 5, 7, 5, 6, 11",9,
12,how to get cat to use water fountain,ca,,10,,,,,,70,,,2017-04-21,,,,,,,,,,,,"5, 5, 8, 6, 9, 2, 4, 8, 2, 3, 4, 5, 5, 3, 5, 6, 7, 10, 9, 4, 12, 5, 10, 9",10,
13,cat water fountain how often change water,ca,,10,,,,,,40,,,2020-03-09,,,,,,,,,,,,"5, 6, 2, 4, 1, 2, 1, 1, 5, 5, 5, 2, 2, 8, 8, 4, 6, 0, 10, 5, 7, 4, 10, 4",7,
14,why is my cat water fountain not working,ca,,10,,,,,,60,,,2020-06-26,,,,,,,,,,,,"11, 10, 12, 7, 14, 7, 5, 7, 7, 10, 13, 8, 5, 8, 5, 6, 7, 6, 7, 4, 7, 10, 6, 5",8,
15,how often to change water in cat fountain,ca,,10,,,,,,150,,,2020-01-18,,,,,,,,,,,,"11, 24, 13, 11, 10, 12, 15, 7, 20, 15, 14, 15, 15, 16, 9, 15, 17, 4, 5, 19, 13, 13, 17, 18",18,
16,how to clean a cat water fountain,ca,,10,,,,,,70,,,2019-03-24,,,,,,,,,,,,"8, 12, 9, 4, 8, 8, 6, 2, 6, 6, 9, 7, 10, 6, 9, 7, 8, 7, 8, 8, 8, 8, 12, 3",7,
17,how often do you clean cat water fountain,ca,,,,,,,,10,,,2024-02-09,,,,,,,,,,,,"1, 2, 0, 0, 0, 0, 1, 0, 0, 0, 0, 0, 4, 0, 0, 0, 3, 1, 1, 0, 0, 0, 0, 1",2,
18,how to get cat to drink out of water fountain,ca,,,,,,,,10,,,2023-02-11,,,,,,,,,,,,"2, 3, 3, 1, 1, 0, 0, 0, 0, 0, 0, 0, 0, 0, 0, 1, 4, 0, 0, 0, 1, 3, 1, 1",3,
19,how to get your cat to use a water fountain,ca,,,,,,,,,,,2020-06-08,,,,,,,,,,,,"0, 2, 0, 0, 0, 0, 0, 0, 0, 0, 0, 0, 0, 0, 0, 0, 0, 0, 0, 0, 0, 0, 0, 0",1,
20,how to fill cat water fountain,ca,,,,,,,,30,,,2021-03-18,,,,,,,,,,,,"1, 0, 0, 1, 0, 0, 0, 0, 1, 0, 3, 3, 1, 3, 4, 0, 5, 1, 0, 2, 1, 4, 1, 4",4,
21,how to get a cat to drink from a water fountain,ca,,,,,,,,40,,,2020-12-09,,,,,,,,,,,,"4, 5, 8, 9, 8, 1, 4, 4, 6, 2, 12, 4, 3, 4, 1, 3, 4, 4, 4, 2, 5, 1, 4, 0",3,
22,how to train your cat to use a water fountain,ca,,,,,,,,,,,2024-03-17,,,,,,,,,,,,"1, 2, 0, 0, 0, 0, 0, 0, 0, 0, 0, 0, 0, 0, 0, 0, 0, 0, 0, 0, 0, 0, 0, 0",1,
23,how often to replace water in cat fountain,ca,,,,,,,,20,,,2024-09-03,,,,,,,,,,,,"3, 1, 1, 0, 1, 1, 0, 1, 0, 0, 0, 1, 0, 2, 2, 3, 1, 3, 2, 0, 3, 4, 3, 5",6,
24,how to make my cat drink from water fountain,ca,,,,,,,,20,,,2024-02-17,,,,,,,,,,,,"4, 2, 5, 4, 5, 4, 2, 4, 4, 1, 11, 2, 0, 2, 1, 2, 5, 1, 2, 3, 3, 2, 2, 0",3,
25,how to put cat water fountain together,ca,,,,,,,,,,,2025-10-22,,,,,,,,,,,,"0, 0, 0, 0, 0, 0, 0, 0, 0, 0, 0, 0, 0, 2, 0, 0, 1, 0, 1, 1, 0, 0, 0, 1",1,
26,cat fountain how often change water,ca,,,,,,,,10,,,2018-06-06,,,,,,,,,,,,"2, 1, 1, 0, 1, 1, 2, 0, 3, 2, 6, 1, 3, 3, 0, 2, 4, 0, 0, 0, 0, 1, 1, 3",2,
27,why does my cat scratch the water fountain,ca,,,,,,,,,,,2023-11-14,,,,,,,,,,,,"0, 1, 0, 3, 1, 2, 0, 0, 0, 0, 0, 0, 0, 0, 0, 0, 0, 0, 0, 0, 0, 0, 0, 0",1,
28,how to use a cat water fountain,ca,,,,,,,,,,,2021-07-30,,,,,,,,,,,,"0, 0, 0, 0, 0, 0, 0, 0, 0, 0, 0, 1, 0, 0, 0, 0, 0, 0, 0, 0, 0, 0, 0, 0",1,
29,why does my cat play in his water fountain,ca,,,,,,,,10,,,2026-01-21,,,,,,,,,,,,"0, 0, 0, 0, 0, 0, 0, 0, 0, 0, 0, 0, 0, 0, 0, 0, 1, 2, 1, 0, 0, 1, 0, 2",2,
30,how to clean a cat water fountain filter,ca,,,,,,,,10,,,2021-09-21,,,,,,,,,,,,"0, 0, 0, 0, 0, 0, 0, 0, 0, 0, 0, 0, 0, 0, 0, 4, 2, 1, 2, 1, 0, 0, 2, 0",2,
31,how often change cat water fountain filter,ca,,,,,,,,20,,,2021-03-08,,,,,,,,,,,,"0, 0, 3, 0, 0, 0, 1, 0, 0, 1, 2, 2, 0, 1, 2, 0, 4, 1, 2, 1, 0, 1, 1, 4",3,
32,how to clean cat water fountain with vinegar,ca,,,,,,,,20,,,2025-12-05,,,,,,,,,,,,"0, 0, 0, 0, 0, 0, 0, 0, 0, 0, 0, 0, 0, 0, 0, 3, 2, 3, 5, 2, 4, 2, 5, 2",3,
33,why is cat water fountain not working,ca,,,,,,,,10,,,2026-05-25,,,,,,,,,,,,"0, 0, 0, 0, 0, 0, 0, 0, 0, 0, 0, 0, 0, 0, 0, 0, 0, 0, 0, 0, 2, 1, 2, 0",2,
34,how to clean cat mate water fountain,ca,,,,,,,,,,,2020-08-25,,,,,,,,,,,,"0, 0, 0, 0, 0, 0, 0, 0, 0, 0, 0, 0, 0, 0, 0, 0, 0, 0, 0, 0, 0, 0, 0, 0",1,
35,why use a cat water fountain,ca,,,,,,,,,,,2024-07-11,,,,,,,,,,,,"1, 0, 1, 0, 0, 0, 0, 0, 0, 0, 0, 0, 0, 0, 0, 0, 0, 0, 0, 0, 0, 0, 0, 0",1,
36,how to weigh down cat water fountain,ca,,,,,,,,,,,2022-04-13,,,,,,,,,,,,"0, 0, 0, 1, 1, 0, 1, 0, 0, 2, 0, 2, 1, 0, 0, 0, 0, 0, 0, 0, 0, 0, 0, 0",1,
37,why does my cat knock over his water fountain,ca,,,,,,,,20,,,2022-12-13,,,,,,,,,,,,"2, 2, 0, 1, 1, 0, 0, 0, 2, 1, 0, 0, 1, 1, 0, 0, 0, 3, 1, 2, 3, 1, 0, 1",2,
38,what material is best for cat water fountain,ca,,,,,,,,20,,,2022-02-24,,,,,,,,,,,,"1, 0, 0, 0, 0, 0, 2, 0, 0, 0, 0, 1, 0, 1, 0, 1, 1, 4, 5, 1, 1, 2, 1, 0",2,
39,why is my cat water fountain blinking red,ca,,,,,,,,,,,2021-11-22,,,,,,,,,,,,"0, 0, 0, 0, 0, 0, 0, 0, 0, 0, 0, 0, 0, 0, 0, 0, 0, 0, 0, 0, 0, 0, 0, 0",1,
40,how often change water in cat water fountain,ca,,,,,,,,10,,,2026-03-25,,,,,,,,,,,,"0, 0, 0, 0, 0, 0, 0, 0, 0, 0, 0, 0, 0, 0, 0, 0, 0, 0, 1, 2, 0, 0, 0, 1",2,
41,how often should i change water in cat fountain,ca,,,,,,,,20,,,2019-06-10,,,,,,,,,,,,"2, 2, 2, 0, 1, 0, 1, 0, 2, 3, 4, 0, 2, 3, 3, 3, 8, 0, 2, 6, 6, 1, 5, 5",5,
42,how does cat water fountain work,ca,,,,,,,,10,,,2022-06-11,,,,,,,,,,,,"0, 0, 0, 0, 2, 2, 0, 1, 2, 1, 3, 1, 2, 0, 0, 0, 0, 1, 1, 3, 0, 0, 1, 1",2,
43,how to clean pump for cat water fountain,ca,,,,,,,,10,,,2021-08-17,,,,,,,,,,,,"2, 3, 2, 2, 2, 4, 3, 3, 4, 3, 2, 3, 3, 1, 3, 2, 2, 0, 0, 0, 1, 3, 1, 2",4,
44,what is the best cat water fountain to buy,ca,,,,,,,,50,,,2025-05-22,,,,,,,,,,,,"0, 0, 0, 0, 0, 0, 0, 0, 1, 0, 2, 0, 0, 1, 2, 2, 1, 1, 5, 2, 5, 0, 13, 10",,
45,how to get my cat to use water fountain,ca,,,,,,,,10,,,2022-04-11,,,,,,,,,,,,"3, 1, 3, 1, 1, 2, 0, 1, 3, 1, 1, 1, 0, 0, 0, 0, 2, 3, 2, 3, 0, 0, 0, 1",2,
46,how to set up cat water fountain,ca,,,,,,,,40,,,2017-04-03,,,,,,,,,,,,"8, 2, 2, 5, 6, 8, 1, 2, 4, 1, 5, 7, 3, 3, 3, 2, 3, 5, 2, 5, 8, 5, 6, 3",5,
47,why does my cat stare at his water fountain,ca,,,,,,,,10,,,2024-09-26,,,,,,,,,,,,"2, 0, 0, 0, 1, 2, 2, 1, 0, 0, 0, 0, 0, 0, 2, 0, 2, 3, 1, 2, 1, 0, 0, 0",1,
48,why does my cat play with her water fountain,ca,,,,,,,,,,,2022-12-05,,,,,,,,,,,,"1, 5, 1, 5, 5, 1, 1, 1, 2, 1, 0, 0, 3, 1, 0, 0, 0, 0, 0, 0, 0, 0, 0, 0",1,
49,how to get my cat to use a water fountain,ca,,,,,,,,,,,2024-06-26,,,,,,,,,,,,"2, 2, 0, 0, 0, 0, 0, 0, 0, 0, 0, 1, 0, 0, 0, 0, 0, 0, 0, 0, 0, 1, 2, 0",2,
50,why did my cat water fountain stop working,ca,,,,,,,,30,,,2023-06-01,,,,,,,,,,,,"0, 2, 8, 1, 8, 0, 2, 7, 2, 0, 2, 2, 1, 1, 2, 0, 2, 4, 1, 1, 0, 5, 2, 2",4,
51,how often to change water fountain for cat,ca,,,,,,,,10,,,2026-01-25,,,,,,,,,,,,"0, 0, 0, 0, 0, 0, 0, 0, 0, 0, 0, 0, 0, 0, 0, 0, 1, 1, 1, 1, 2, 1, 5, 2",3,
52,how do i get my cat to use a water fountain,ca,,,,,,,,10,,,2023-08-04,,,,,,,,,,,,"1, 0, 2, 2, 1, 1, 1, 0, 1, 2, 2, 3, 2, 5, 1, 2, 3, 0, 2, 5, 0, 0, 1, 0",2,
53,how to deep clean cat water fountain,ca,,,,,,,,10,,,2023-06-18,,,,,,,,,,,,"1, 4, 2, 1, 5, 2, 2, 0, 2, 2, 1, 4, 2, 2, 0, 0, 0, 1, 0, 1, 1, 2, 1, 0",2,
54,how to lure cat to water fountain,ca,,,,,,,,,,,2024-11-12,,,,,,,,,,,,"0, 0, 2, 1, 1, 0, 0, 0, 0, 0, 1, 4, 1, 0, 0, 0, 0, 0, 0, 0, 0, 0, 0, 0",1,
55,how to stop cat from tipping water fountain,ca,,,,,,,,10,,,2023-02-25,,,,,,,,,,,,"1, 1, 6, 0, 2, 1, 2, 2, 0, 0, 0, 0, 0, 0, 0, 1, 0, 19, 1, 4, 2, 0, 0, 0",1,
56,how to disinfect cat water fountain,ca,,,,,,,,20,,,2023-03-01,,,,,,,,,,,,"1, 1, 0, 1, 2, 1, 4, 3, 0, 0, 0, 0, 0, 0, 0, 0, 1, 3, 0, 1, 2, 0, 5, 0",2,
57,why does my cat move his water fountain,ca,,,,,,,,,,,2023-04-26,,,,,,,,,,,,"0, 0, 0, 0, 0, 0, 0, 0, 0, 0, 0, 0, 0, 0, 0, 0, 0, 0, 0, 0, 0, 0, 0, 0",1,
58,how to set up stainless steel cat water fountain,ca,,,,,,,,10,,,2026-01-22,,,,,,,,,,,,"0, 0, 0, 0, 0, 0, 0, 0, 0, 0, 0, 0, 0, 0, 0, 0, 1, 5, 1, 0, 1, 2, 0, 0",2,
59,how long do cat water fountain filters last,ca,,,,,,,,30,,,2021-01-24,,,,,,,,,,,,"2, 1, 7, 3, 2, 1, 5, 2, 2, 1, 6, 3, 3, 2, 5, 2, 8, 4, 5, 7, 5, 1, 6, 0",4,
60,how to make a cat water fountain,ca,,,,,,,,30,,,2016-07-16,,,,,,,,,,,,"7, 3, 2, 1, 4, 1, 3, 0, 0, 0, 4, 3, 4, 1, 1, 0, 0, 2, 3, 4, 1, 4, 1, 0",3,
61,how to get my cat to drink from a water fountain,ca,,,,,,,,40,,,2019-12-30,,,,,,,,,,,,"0, 0, 0, 0, 1, 0, 1, 0, 0, 0, 0, 0, 0, 0, 0, 0, 0, 0, 0, 0, 1, 1, 2, 2",3,
62,how to clean water pump cat fountain,ca,,,,,,,,10,,,2025-02-28,,,,,,,,,,,,"0, 0, 0, 0, 0, 1, 0, 3, 0, 0, 0, 0, 2, 1, 0, 0, 2, 1, 3, 3, 2, 5, 2, 3",4,
63,how to fix cat water fountain,ca,,,,,,,,10,,,2020-09-24,,,,,,,,,,,,"1, 8, 2, 2, 6, 4, 7, 2, 8, 0, 3, 2, 1, 0, 0, 0, 4, 1, 2, 0, 0, 0, 1, 0",2,
64,what to look for in cat water fountain,ca,,,,,,,,50,,,2025-10-09,,,,,,,,,,,,"0, 0, 0, 0, 0, 0, 0, 0, 0, 0, 0, 0, 0, 2, 12, 2, 1, 1, 2, 5, 1, 0, 2, 2",2,
65,why won't my cat drink out of the water fountain,ca,,,,,,,,30,,,2023-07-20,,,,,,,,,,,,"3, 5, 1, 1, 3, 1, 1, 2, 0, 0, 0, 0, 0, 0, 0, 2, 6, 5, 2, 1, 1, 6, 6, 2",6,
66,how often to refill cat water fountain,ca,,,,,,,,10,,,2024-07-28,,,,,,,,,,,,"0, 0, 0, 0, 0, 0, 0, 1, 0, 0, 0, 0, 0, 0, 0, 0, 0, 0, 0, 0, 0, 2, 4, 2",4,
67,cat water fountain how to use,ca,,,,,,,,10,,,2021-09-29,,,,,,,,,,,,"1, 0, 1, 1, 1, 0, 0, 0, 2, 0, 1, 0, 1, 1, 0, 2, 2, 0, 0, 0, 2, 0, 2, 0",2,
68,how to replace cat water fountain filter,ca,,,,,,,,10,,,2024-08-14,,,,,,,,,,,,"0, 0, 3, 0, 1, 1, 3, 3, 3, 2, 1, 4, 2, 3, 4, 1, 1, 2, 0, 0, 0, 0, 0, 0",1,
69,how to fill up cat water fountain,ca,,,,,,,,,,,2023-06-13,,,,,,,,,,,,"1, 0, 0, 0, 0, 0, 0, 0, 0, 0, 2, 1, 3, 0, 0, 0, 0, 0, 0, 1, 0, 0, 0, 3",2,
70,what is a good cat water fountain,ca,,,,,,,,20,,,2017-04-15,,,,,,,,,,,,"0, 0, 0, 0, 0, 0, 0, 0, 0, 0, 3, 1, 1, 0, 1, 2, 1, 0, 0, 0, 1, 2, 1, 3",3,
71,cat mate water fountain how often change filter,ca,,,,,,,,,,,2020-09-20,,,,,,,,,,,,"0, 0, 0, 0, 0, 0, 0, 0, 0, 0, 0, 0, 0, 0, 0, 0, 0, 0, 0, 0, 0, 0, 0, 0",1,
72,why is my cat water fountain bubbling,ca,,,,,,,,20,,,2023-11-07,,,,,,,,,,,,"0, 0, 0, 0, 0, 0, 1, 3, 1, 1, 3, 0, 1, 0, 0, 1, 0, 1, 3, 4, 0, 3, 4, 6",5,
73,how to make cat water fountain quieter,ca,,,,,,,,10,,,2021-07-08,,,,,,,,,,,,"2, 0, 1, 1, 0, 0, 0, 0, 3, 0, 0, 0, 0, 0, 0, 0, 0, 4, 4, 0, 0, 0, 0, 0",1,
74,how to stop cat from playing in water fountain,ca,,,,,,,,20,,,2024-03-18,,,,,,,,,,,,"0, 0, 0, 0, 3, 0, 1, 0, 0, 0, 0, 0, 0, 0, 0, 3, 1, 0, 0, 1, 0, 1, 0, 2",2,
75,why does my cat water fountain foam,ca,,,,,,,,10,,,2020-10-09,,,,,,,,,,,,"1, 0, 2, 0, 0, 0, 1, 0, 2, 0, 1, 2, 0, 1, 4, 1, 0, 0, 0, 0, 0, 0, 0, 0",1,
76,how to clean metal cat water fountain,ca,,,,,,,,,,,2026-07-30,,,,,,,,,,,,"0, 0, 0, 0, 0, 0, 0, 0, 0, 0, 0, 0, 0, 0, 0, 0, 0, 0, 0, 0, 0, 0, 1, 4",3,
77,how often should you change water in cat fountain,ca,,,,,,,,20,,,2020-01-30,,,,,,,,,,,,"2, 0, 1, 0, 0, 0, 0, 2, 3, 1, 3, 4, 1, 3, 1, 3, 1, 2, 2, 1, 3, 4, 4, 2",4,
78,how often to replace cat water fountain,ca,,,,,,,,10,,,2025-12-13,,,,,,,,,,,,"0, 0, 0, 0, 0, 0, 0, 0, 0, 0, 0, 0, 0, 0, 0, 4, 0, 0, 0, 0, 0, 2, 0, 0",2,
79,why is my cat scared of her water fountain,ca,,,,,,,,,,,2023-08-13,,,,,,,,,,,,"0, 0, 0, 0, 0, 0, 0, 0, 0, 0, 0, 0, 0, 0, 0, 0, 0, 0, 0, 0, 0, 0, 0, 0",1,
80,how to get a cat to use a water fountain,ca,,,,,,,,20,,,2019-10-09,,,,,,,,,,,,"2, 1, 4, 2, 3, 3, 1, 3, 3, 4, 3, 2, 1, 1, 0, 1, 1, 3, 2, 1, 4, 5, 5, 1",5,
81,what to look for in a cat water fountain,ca,,,,,,,,60,,,2024-02-18,,,,,,,,,,,,"0, 0, 0, 0, 0, 0, 0, 0, 0, 0, 0, 0, 1, 1, 4, 0, 4, 3, 7, 5, 3, 7, 2, 2",5,
82,why does cat water fountain get slimy,ca,,,,,,,,10,,,2025-12-07,,,,,,,,,,,,"0, 0, 0, 0, 0, 0, 0, 0, 0, 0, 0, 0, 0, 0, 0, 4, 1, 0, 0, 2, 0, 2, 1, 1",2,
83,cat water fountain filter how often to change,ca,,,,,,,,10,,,2025-11-25,,,,,,,,,,,,"0, 0, 0, 0, 0, 0, 0, 0, 0, 0, 0, 0, 0, 0, 2, 1, 3, 0, 2, 5, 4, 1, 3, 1",3,
84,how much electricity does cat water fountain use,ca,,,,,,,,,,,2023-12-31,,,,,,,,,,,,"2, 0, 2, 0, 1, 0, 0, 0, 0, 0, 0, 0, 0, 0, 0, 0, 0, 0, 0, 0, 0, 1, 0, 0",1,
85,why is my cat water fountain foaming,ca,,,,,,,,20,,,2023-06-19,,,,,,,,,,,,"0, 0, 0, 0, 0, 0, 1, 1, 0, 0, 3, 0, 4, 0, 0, 5, 2, 1, 0, 0, 0, 2, 1, 6",5,
86,what cat water fountain is best,ca,,,,,,,,20,,,2025-10-02,,,,,,,,,,,,"0, 0, 0, 0, 0, 0, 0, 0, 0, 0, 0, 0, 0, 1, 2, 0, 3, 1, 2, 1, 0, 0, 1, 5",3,
87,how to clean a cat water fountain pump,ca,,,,,,,,20,,,2021-06-01,,,,,,,,,,,,"3, 0, 2, 5, 3, 0, 2, 4, 1, 3, 4, 2, 2, 4, 6, 4, 5, 4, 1, 6, 1, 2, 2, 1",3,
88,how to clean a stainless steel cat water fountain,ca,,,,,,,,,,,2026-08-01,,,,,,,,,,,,"0, 0, 0, 0, 0, 0, 0, 0, 0, 0, 0, 0, 0, 0, 0, 0, 0, 0, 0, 0, 0, 0, 0, 4",2,
89,how often to replace cat water fountain filter,ca,,,,,,,,50,,,2021-08-14,,,,,,,,,,,,"6, 3, 1, 2, 3, 2, 2, 3, 2, 1, 3, 5, 2, 0, 2, 2, 1, 4, 4, 3, 2, 5, 4, 1",5,
90,how to introduce your cat to a water fountain,ca,,,,,,,,,,,2024-02-12,,,,,,,,,,,,"1, 0, 0, 0, 0, 0, 0, 0, 0, 0, 0, 0, 0, 0, 0, 0, 0, 0, 0, 0, 0, 0, 0, 0",1,
91,how often do you change water in cat fountain,ca,,,,,,,,10,,,2023-11-21,,,,,,,,,,,,"1, 5, 4, 2, 4, 0, 0, 0, 0, 3, 2, 4, 2, 0, 0, 0, 2, 1, 2, 3, 2, 1, 3, 2",3,
92,why is my cat water fountain so loud,ca,,,,,,,,30,,,2021-07-16,,,,,,,,,,,,"2, 4, 0, 5, 3, 3, 6, 3, 5, 5, 3, 6, 6, 2, 4, 2, 4, 4, 5, 2, 7, 2, 7, 2",5,
93,how to prevent algae in cat water fountain,ca,,,,,,,,40,,,2019-05-07,,,,,,,,,,,,"0, 3, 3, 0, 4, 2, 7, 7, 2, 5, 3, 2, 1, 2, 3, 5, 4, 3, 3, 2, 2, 4, 2, 6",5,
94,how often should i clean my cat water fountain,ca,,,,,,,,20,,,2025-02-15,,,,,,,,,,,,"0, 0, 0, 0, 0, 1, 1, 0, 0, 0, 3, 1, 1, 0, 2, 1, 3, 3, 2, 2, 6, 2, 3, 2",3,
95,how often should i clean cat water fountain,ca,,,,,,,,30,,,2022-09-19,,,,,,,,,,,,"1, 0, 4, 3, 1, 3, 3, 1, 2, 1, 3, 3, 3, 4, 1, 2, 1, 4, 0, 1, 8, 4, 4, 2",4,
96,where to place cat water fountain,ca,,,,,,,,,,,2024-10-21,,,,,,,,,,,,"0, 1, 0, 0, 0, 0, 0, 0, 0, 0, 0, 0, 0, 0, 0, 0, 0, 0, 0, 0, 2, 1, 1, 2",2,
97,how to set up a cat water fountain,ca,,,,,,,,10,,,2022-12-04,,,,,,,,,,,,"0, 0, 0, 0, 1, 0, 0, 0, 0, 0, 0, 2, 1, 0, 1, 5, 2, 6, 0, 0, 0, 0, 0, 0",1,
98,how to fill a cat water fountain,ca,,,,,,,,,,,2026-07-15,,,,,,,,,,,,"0, 0, 0, 0, 0, 0, 0, 0, 0, 0, 0, 0, 0, 0, 0, 0, 0, 0, 0, 0, 0, 0, 4, 0",2,
99,what is the best cat water fountain to buy?,ca,,,,,,,,,,,2026-05-26,,,,,,,,,,,,"0, 0, 0, 0, 0, 0, 0, 0, 0, 0, 0, 0, 0, 0, 0, 0, 0, 0, 0, 0, 1, 0, 0, 3",2,
100,how often to change water in cat water fountain,ca,,,,,,,,40,,,2021-02-21,,,,,,,,,,,,"6, 1, 3, 3, 2, 2, 3, 3, 0, 3, 5, 6, 3, 3, 3, 3, 2, 2, 1, 0, 3, 3, 3, 3",4,
101,how to refill cat water fountain,ca,,,,,,,,60,,,2021-07-05,,,,,,,,,,,,"1, 1, 5, 1, 9, 1, 5, 5, 1, 1, 3, 8, 6, 3, 2, 7, 1, 5, 5, 4, 4, 2, 5, 7",6,
102,why won't my cat drink from water fountain,ca,,,,,,,,,,,2024-09-09,,,,,,,,,,,,"2, 1, 1, 0, 0, 0, 0, 0, 0, 0, 0, 0, 0, 0, 0, 0, 0, 0, 0, 0, 0, 0, 0, 0",1,
103,which cat water fountain is best,ca,,,,,,,,20,,,2020-11-11,,,,,,,,,,,,"0, 0, 0, 0, 0, 0, 0, 0, 0, 0, 1, 0, 0, 0, 4, 2, 1, 0, 0, 1, 2, 0, 2, 6",3,
104,how to put together a cat water fountain,ca,,,,,,,,,,,2021-07-10,,,,,,,,,,,,"0, 0, 0, 0, 0, 0, 0, 0, 0, 0, 0, 0, 0, 1, 1, 0, 0, 0, 0, 0, 0, 0, 2, 1",2,
105,how to get cat used to water fountain,ca,,,,,,,,10,,,2020-11-19,,,,,,,,,,,,"2, 0, 4, 1, 1, 1, 0, 2, 2, 1, 2, 2, 1, 4, 1, 4, 1, 0, 0, 0, 2, 3, 1, 1",2,
106,what is best cat water fountain,ca,,,,,,,,10,,,2026-01-17,,,,,,,,,,,,"0, 0, 0, 0, 0, 0, 0, 0, 0, 0, 0, 0, 0, 0, 0, 0, 2, 0, 0, 1, 3, 0, 4, 4",3,
107,how often change cat water fountain,ca,,,,,,,,10,,,2023-03-23,,,,,,,,,,,,"6, 4, 7, 3, 1, 0, 0, 1, 0, 0, 3, 0, 1, 4, 1, 1, 1, 1, 0, 0, 0, 0, 0, 2",2,
108,how to get cat to drink from water fountain,ca,,,,,,,,40,,,2021-03-25,,,,,,,,,,,,"3, 3, 3, 0, 2, 2, 0, 8, 3, 4, 11, 8, 2, 2, 2, 1, 1, 0, 0, 4, 4, 4, 5, 9",7,
109,how to train cat to drink from water fountain,ca,,,,,,,,10,,,2024-01-08,,,,,,,,,,,,"2, 4, 3, 1, 0, 1, 0, 0, 3, 1, 3, 2, 2, 2, 0, 0, 0, 0, 2, 2, 0, 0, 3, 3",3,
110,how often change water cat fountain,ca,,,,,,,,10,,,2020-02-16,,,,,,,,,,,,"3, 1, 0, 1, 0, 0, 0, 0, 2, 3, 0, 1, 1, 1, 1, 0, 1, 1, 2, 4, 8, 0, 3, 0",2,
111,why does my cat paw at his water fountain,ca,,,,,,,,10,,,2021-08-11,,,,,,,,,,,,"2, 0, 1, 2, 4, 0, 3, 1, 0, 0, 0, 0, 0, 0, 0, 2, 0, 0, 0, 1, 1, 2, 1, 0",2,
112,how to get cat to stop splashing water fountain,ca,,,,,,,,30,,,2024-04-07,,,,,,,,,,,,"2, 0, 0, 4, 2, 0, 2, 1, 1, 0, 2, 2, 3, 4, 2, 2, 6, 1, 5, 2, 2, 1, 3, 2",3,
113,how to clean algae from cat water fountain,ca,,,,,,,,,,,2023-05-06,,,,,,,,,,,,"1, 1, 1, 2, 1, 4, 6, 2, 1, 0, 1, 1, 1, 0, 0, 0, 0, 0, 0, 0, 0, 1, 0, 0",1,
114,how to assemble cat water fountain,ca,,,,,,,,30,,,2021-08-30,,,,,,,,,,,,"1, 1, 1, 2, 2, 2, 1, 1, 2, 4, 2, 5, 3, 5, 3, 1, 2, 3, 2, 2, 6, 2, 1, 0",2,
115,how to fix a cat water fountain,ca,,,,,,,,,,,2022-09-18,,,,,,,,,,,,"0, 0, 1, 1, 0, 0, 0, 0, 0, 0, 0, 3, 0, 0, 0, 0, 0, 0, 0, 0, 0, 0, 0, 0",1,
116,how often to change water in a cat fountain,ca,,,,,,,,,,,2024-09-10,,,,,,,,,,,,"4, 1, 0, 0, 0, 0, 0, 0, 0, 0, 0, 0, 0, 0, 0, 0, 0, 0, 0, 0, 0, 0, 0, 0",1,
117,how to clean filter for cat water fountain,ca,,,,,,,,10,,,2022-11-06,,,,,,,,,,,,"3, 1, 2, 1, 1, 1, 1, 0, 1, 0, 0, 2, 3, 0, 2, 0, 5, 0, 0, 0, 0, 0, 0, 1",2,
118,why isn't my cat water fountain working,ca,,,,,,,,20,,,2023-06-09,,,,,,,,,,,,"2, 1, 2, 5, 4, 5, 1, 0, 4, 1, 1, 1, 1, 0, 3, 8, 4, 1, 5, 1, 0, 0, 0, 4",2,
119,why are there bubbles in my cat water fountain,ca,,,,,,,,,,,2021-07-14,,,,,,,,,,,,"0, 1, 1, 0, 0, 0, 0, 0, 0, 0, 0, 0, 0, 0, 0, 0, 0, 0, 0, 0, 0, 0, 0, 0",1,
120,cat water fountain how often change filter,ca,,,,,,,,20,,,2021-11-05,,,,,,,,,,,,"4, 4, 6, 0, 5, 1, 1, 3, 2, 0, 1, 1, 2, 4, 0, 5, 2, 0, 1, 4, 2, 1, 1, 6",4,
121,cat water fountain how often to clean,ca,,,,,,,,,,,2026-01-22,,,,,,,,,,,,"0, 0, 0, 0, 0, 0, 0, 0, 0, 0, 0, 0, 0, 0, 0, 0, 4, 1, 0, 1, 0, 0, 0, 0",1,
122,how often should you replace cat water fountain,ca,,,,,,,,80,,,2026-03-02,,,,,,,,,,,,"0, 0, 0, 0, 0, 0, 0, 0, 0, 0, 0, 0, 0, 0, 0, 0, 0, 0, 2, 4, 0, 3, 1, 0",2,
123,how to encourage cat to use water fountain,ca,,,,,,,,10,,,2024-08-02,,,,,,,,,,,,"0, 0, 0, 0, 0, 1, 0, 0, 0, 0, 3, 1, 1, 1, 1, 0, 1, 2, 0, 0, 0, 0, 1, 2",2,
124,how often change water in cat fountain,ca,,,,,,,,40,,,2016-11-23,,,,,,,,,,,,"1, 2, 4, 3, 2, 6, 2, 2, 5, 2, 7, 1, 6, 3, 1, 1, 2, 2, 5, 2, 5, 7, 6, 5",7,
125,how often should i clean a cat water fountain,ca,,,,,,,,,,,2025-02-09,,,,,,,,,,,,"0, 0, 0, 0, 0, 2, 0, 3, 1, 2, 0, 0, 2, 1, 0, 0, 0, 0, 0, 0, 0, 0, 1, 0",1,
126,how to turn on cat water fountain,ca,,,,,,,,10,,,2026-06-25,,,,,,,,,,,,"0, 0, 0, 0, 0, 0, 0, 0, 0, 0, 0, 0, 0, 0, 0, 0, 0, 0, 0, 0, 0, 3, 2, 0",2,
127,how often to change cat fountain water,ca,,,,,,,,20,,,2020-09-19,,,,,,,,,,,,"6, 1, 7, 2, 3, 0, 0, 5, 1, 2, 9, 2, 4, 4, 3, 1, 5, 2, 6, 3, 2, 6, 1, 7",5,
128,which cat water fountain is easiest to clean,ca,,,,,,,,10,,,2025-08-23,,,,,,,,,,,,"0, 0, 0, 0, 0, 0, 0, 0, 0, 0, 0, 2, 0, 0, 0, 0, 0, 1, 1, 0, 0, 0, 5, 1",3,
129,how often to clean a cat water fountain,ca,,,,,,,,20,,,2025-06-17,,,,,,,,,,,,"0, 0, 0, 0, 0, 0, 0, 0, 0, 2, 1, 1, 0, 2, 1, 4, 2, 3, 2, 4, 2, 4, 4, 1",4,
130,how to choose cat water fountain,ca,,,,,,,,,,,2025-09-07,,,,,,,,,,,,"0, 0, 0, 0, 0, 0, 0, 0, 0, 0, 0, 0, 1, 0, 3, 0, 0, 0, 0, 0, 0, 0, 0, 0",1,
131,how to clean cat water fountain filter,ca,,,,,,,,40,,,2021-06-11,,,,,,,,,,,,"5, 3, 8, 5, 2, 6, 14, 9, 5, 3, 5, 7, 6, 3, 0, 4, 2, 0, 1, 0, 2, 3, 4, 0",3,
132,cat water fountain how does it work,ca,,,,,,,,,,,2026-08-04,,,,,,,,,,,,"0, 0, 0, 0, 0, 0, 0, 0, 0, 0, 0, 0, 0, 0, 0, 0, 0, 0, 0, 0, 0, 0, 0, 5",3,
133,how to get your cat to drink from water fountain,ca,,,,,,,,,,,2022-07-11,,,,,,,,,,,,"0, 2, 0, 0, 0, 2, 0, 0, 0, 0, 0, 0, 0, 0, 0, 0, 0, 0, 0, 0, 0, 0, 0, 0",1,
134,how does a cat water fountain work,ca,,,,,,,,40,,,2020-06-30,,,,,,,,,,,,"0, 4, 4, 2, 3, 1, 1, 4, 7, 3, 6, 2, 2, 4, 1, 2, 0, 6, 4, 3, 3, 5, 8, 3",5,
135,how to make cat drink from water fountain,ca,,,,,,,,20,,,2022-05-14,,,,,,,,,,,,"2, 1, 1, 0, 4, 0, 0, 1, 0, 0, 3, 4, 1, 3, 2, 1, 3, 0, 0, 0, 0, 1, 0, 1",2,
136,how often should a cat water fountain be cleaned,ca,,,,,,,,10,,,2025-04-10,,,,,,,,,,,,"0, 0, 0, 0, 0, 0, 0, 1, 1, 0, 0, 1, 3, 0, 1, 3, 0, 0, 2, 0, 3, 3, 3, 4",4,
137,how to clean water pump for cat fountain,ca,,,,,,,,,,,2025-01-01,,,,,,,,,,,,"0, 0, 0, 0, 1, 2, 3, 9, 4, 2, 5, 1, 1, 1, 0, 0, 0, 0, 0, 0, 0, 0, 0, 0",1,
138,what to look for cat water fountain,ca,,,,,,,,10,,,2025-10-30,,,,,,,,,,,,"0, 0, 0, 0, 0, 0, 0, 0, 0, 0, 0, 0, 0, 1, 2, 0, 0, 1, 0, 0, 0, 0, 0, 0",1,
139,how to prevent slime in cat water fountain,ca,,,,,,,,,,,2021-05-01,,,,,,,,,,,,"0, 0, 0, 0, 0, 0, 0, 0, 0, 0, 0, 1, 0, 0, 0, 0, 0, 0, 0, 0, 0, 0, 0, 0",1,
140,what is the quietest cat water fountain,ca,,,,,,,,,,,2021-03-01,,,,,,,,,,,,"0, 0, 0, 0, 0, 0, 0, 0, 0, 0, 0, 0, 0, 0, 0, 0, 0, 0, 0, 0, 0, 0, 0, 0",1,
141,how often to change filter on cat water fountain,ca,,,,,,,,30,,,2024-06-27,,,,,,,,,,,,"3, 3, 0, 2, 1, 3, 2, 3, 1, 2, 0, 2, 3, 3, 2, 2, 7, 5, 7, 6, 3, 2, 3, 0",3,
142,how to introduce cat to water fountain,ca,,,,,,,,10,,,2018-04-29,,,,,,,,,,,,"2, 2, 2, 2, 3, 0, 3, 3, 1, 4, 5, 2, 2, 1, 0, 2, 0, 1, 1, 3, 4, 0, 0, 2",2,
143,how to train cat to use water fountain,ca,,,,,,,,10,,,2020-07-09,,,,,,,,,,,,"1, 0, 0, 0, 0, 0, 0, 0, 0, 0, 1, 0, 1, 0, 0, 0, 0, 0, 0, 0, 0, 0, 0, 0",1,
144,how to make cat water fountain,ca,,,,,,,,,,,2020-01-14,,,,,,,,,,,,"1, 0, 0, 0, 0, 0, 0, 0, 0, 0, 0, 0, 0, 0, 0, 0, 0, 0, 0, 0, 0, 0, 0, 0",1,
145,how to clean stainless steel cat water fountain,ca,,,,,,,,30,,,2024-03-28,,,,,,,,,,,,"1, 0, 1, 0, 6, 1, 1, 3, 1, 2, 2, 1, 0, 0, 4, 0, 6, 3, 6, 3, 4, 1, 1, 1",2,
146,what is a cat water fountain,ca,,,,,,,,20,,,2021-05-19,,,,,,,,,,,,"2, 0, 0, 0, 0, 0, 0, 0, 0, 0, 2, 1, 1, 1, 2, 1, 1, 1, 2, 1, 2, 3, 4, 1",4,
147,how to put together cat water fountain,ca,,,,,,,,10,,,2022-04-23,,,,,,,,,,,,"3, 0, 1, 2, 1, 0, 0, 0, 1, 0, 2, 0, 2, 3, 0, 2, 1, 1, 0, 0, 0, 0, 1, 0",2,
148,how to add water to cat water fountain,ca,,,,,,,,,,,2024-07-20,,,,,,,,,,,,"1, 0, 0, 0, 0, 0, 0, 0, 0, 0, 0, 0, 0, 0, 0, 0, 0, 0, 0, 0, 0, 0, 0, 0",1,
149,how to stop cat from spilling water fountain,ca,,,,,,,,,,,2022-02-23,,,,,,,,,,,,"2, 1, 3, 2, 1, 1, 2, 0, 4, 2, 1, 1, 2, 1, 0, 2, 1, 1, 0, 0, 0, 0, 0, 0",1,
150,when to change cat water fountain filter,ca,,,,,,,,10,,,2026-03-19,,,,,,,,,,,,"0, 0, 0, 0, 0, 0, 0, 0, 0, 0, 0, 0, 0, 0, 0, 0, 0, 0, 1, 0, 0, 5, 3, 3",5,
151,how to get my cat to drink from water fountain,ca,,,,,,,,30,,,2018-01-03,,,,,,,,,,,,"10, 11, 1, 6, 0, 0, 1, 3, 0, 1, 4, 3, 3, 1, 1, 3, 5, 2, 2, 2, 4, 6, 2, 2",4,
152,how often should you clean cat water fountain,ca,,,,,,,,40,,,2020-04-30,,,,,,,,,,,,"4, 1, 2, 4, 5, 10, 2, 3, 3, 4, 3, 7, 4, 5, 3, 4, 8, 1, 3, 3, 1, 8, 7, 6",6,
153,how to keep cat from knocking over water fountain,ca,,,,,,,,,,,2022-04-13,,,,,,,,,,,,"0, 0, 0, 0, 0, 0, 0, 0, 0, 0, 0, 0, 0, 0, 0, 0, 0, 0, 0, 0, 0, 0, 0, 0",1,
154,how to stop cat from knocking over water fountain,ca,,,,,,,,30,,,2023-02-17,,,,,,,,,,,,"1, 5, 0, 5, 2, 7, 5, 0, 1, 3, 2, 1, 1, 0, 0, 2, 1, 3, 0, 1, 2, 0, 0, 3",2,
155,how long does a cat water fountain last,ca,,,,,,,,10,,,2026-04-12,,,,,,,,,,,,"0, 0, 0, 0, 0, 0, 0, 0, 0, 0, 0, 0, 0, 0, 0, 0, 0, 0, 0, 1, 0, 0, 0, 3",2,
156,cat water fountain how to properly clean,ca,,,,,,,,,,,2026-08-28,,,,,,,,,,"Informational,Non-branded,Non-local",English,"0, 0, 0, 0, 0, 0, 0, 0, 0, 0, 0, 0, 0, 0, 0, 0, 0, 0, 0, 0, 0, 0, 0, 4",3,Cats; Expert content
157,how to get cat to use water fountain reddit,ca,,,,,,,,,,,2023-01-28,,,,,,,,,,,,"0, 0, 0, 0, 0, 1, 0, 0, 0, 0, 0, 0, 0, 0, 1, 0, 0, 0, 0, 1, 0, 0, 0, 0",1,
158,how to get my cat to use the water fountain,ca,,,,,,,,,,,2024-02-17,,,,,,,,,,,,"0, 0, 0, 0, 0, 0, 0, 0, 2, 0, 2, 2, 0, 2, 0, 0, 3, 3, 1, 0, 0, 0, 0, 0",1,
159,how to clean mold from cat water fountain,ca,,,,,,,,,,,2025-08-21,,,,,,,,,,,,"0, 0, 0, 0, 0, 0, 0, 0, 0, 0, 0, 1, 1, 0, 0, 0, 0, 0, 0, 0, 0, 0, 0, 3",2,
160,why does my cat water fountain get slimy,ca,,,,,,,,20,,,2023-10-04,,,,,,,,,,,,"1, 0, 2, 0, 0, 0, 0, 0, 0, 1, 1, 1, 3, 1, 0, 3, 0, 1, 1, 0, 0, 0, 3, 0",3,
161,how to reduce the noise of a cat water fountain,ca,,,,,,,,,,,2019-10-12,,,,,,,,,,,,"0, 0, 0, 0, 0, 0, 0, 0, 0, 0, 0, 0, 0, 0, 0, 0, 0, 0, 0, 0, 0, 0, 0, 0",1,
162,how to get cat to use new water fountain,ca,,,,,,,,10,,,2024-08-17,,,,,,,,,,,,"0, 0, 0, 0, 0, 0, 0, 0, 0, 0, 0, 0, 0, 0, 0, 0, 0, 1, 2, 2, 1, 0, 1, 1",2,
163,how to choose a cat water fountain,ca,,,,,,,,10,,,2025-03-27,,,,,,,,,,,,"0, 0, 0, 0, 0, 0, 2, 0, 1, 1, 0, 1, 0, 0, 2, 2, 1, 0, 1, 0, 2, 0, 2, 3",3,
164,how to refill a cat water fountain,ca,,,,,,,,,,,2022-08-17,,,,,,,,,,,,"0, 0, 0, 0, 0, 0, 0, 0, 0, 0, 1, 3, 0, 0, 0, 0, 0, 0, 0, 0, 0, 0, 3, 2",2,
165,how to change filter on cat water fountain,ca,,,,,,,,,,,2025-04-18,,,,,,,,,,,,"0, 0, 0, 0, 0, 0, 0, 2, 2, 0, 0, 0, 0, 0, 0, 0, 0, 0, 0, 0, 0, 0, 0, 0",1,
166,how to properly clean cat water fountain,ca,,,,,,,,10,,,2024-02-25,,,,,,,,,,,,"0, 1, 0, 0, 0, 0, 0, 0, 0, 0, 1, 0, 0, 0, 0, 1, 0, 0, 0, 0, 2, 4, 2, 3",4,
167,cat water fountain how to refill,ca,,,,,,,,10,,,2025-07-05,,,,,,,,,,,,"0, 0, 0, 0, 0, 0, 0, 0, 0, 0, 2, 1, 0, 0, 0, 0, 0, 0, 0, 0, 0, 0, 1, 0",2,
168,how often to change filter for cat water fountain,ca,,,,,,,,,,,2026-02-03,,,,,,,,,,,,"0, 0, 0, 0, 0, 0, 0, 0, 0, 0, 0, 0, 0, 0, 0, 0, 0, 2, 3, 0, 0, 0, 0, 0",1,
169,how often to clean water fountain cat,ca,,,,,,,,10,,,2026-02-04,,,,,,,,,,,,"0, 0, 0, 0, 0, 0, 0, 0, 0, 0, 0, 0, 0, 0, 0, 0, 0, 2, 0, 0, 1, 2, 2, 2",3,
170,how to get a cat to drink from water fountain,ca,,,,,,,,10,,,2023-03-17,,,,,,,,,,,,"0, 0, 0, 0, 0, 0, 0, 0, 0, 0, 2, 0, 1, 1, 0, 0, 0, 0, 0, 1, 0, 0, 0, 0",1,
171,how to change cat water fountain filter,ca,,,,,,,,10,,,2024-11-01,,,,,,,,,,,,"0, 0, 3, 1, 1, 3, 0, 0, 2, 1, 2, 2, 0, 1, 0, 1, 3, 1, 1, 0, 4, 0, 0, 1",2,
172,why is my cat water fountain pump not working,ca,,,,,,,,,,,2023-12-10,,,,,,,,,,,,"0, 0, 0, 0, 0, 0, 0, 0, 0, 0, 0, 0, 0, 0, 1, 3, 0, 0, 0, 1, 0, 0, 0, 0",1,
173,how to use cat water fountain,ca,,,,,,,,20,,,2020-09-08,,,,,,,,,,,,"2, 0, 1, 1, 1, 0, 0, 0, 3, 0, 0, 3, 1, 1, 0, 2, 3, 0, 0, 1, 1, 2, 4, 4",4,
174,why cat water fountain,ca,,,,,,,,,,,2020-07-27,,,,,,,,,,,,"1, 0, 0, 1, 0, 0, 0, 0, 0, 0, 1, 0, 0, 0, 0, 0, 0, 0, 0, 0, 0, 0, 0, 0",1,
175,how often should you change cat fountain water,ca,,,,,,,,,,,2020-08-25,,,,,,,,,,,,"1, 0, 0, 0, 0, 0, 0, 0, 0, 0, 0, 0, 0, 0, 0, 0, 0, 0, 0, 0, 0, 0, 0, 1",2,
176,how often change cat fountain water,ca,,,,,,,,10,,,2023-08-05,,,,,,,,,,,,"1, 3, 2, 0, 3, 1, 0, 3, 4, 3, 3, 4, 3, 2, 3, 2, 2, 2, 1, 0, 0, 0, 3, 1",2,
177,how to make your cat drink from water fountain,ca,,,,,,,,,,,2026-03-03,,,,,,,,,,,,"0, 0, 0, 0, 0, 0, 0, 0, 0, 0, 0, 0, 0, 0, 0, 0, 0, 0, 4, 0, 0, 0, 1, 0",1,
178,how to keep cat water fountain clean,ca,,,,,,,,30,,,2020-09-12,,,,,,,,,,,,"1, 1, 3, 2, 1, 1, 0, 6, 2, 1, 3, 0, 1, 1, 0, 1, 1, 0, 2, 1, 3, 3, 3, 2",3,
179,how often to change cat water fountain water,ca,,,,,,,,10,,,2024-09-01,,,,,,,,,,,,"1, 0, 0, 0, 0, 2, 3, 3, 3, 3, 1, 3, 0, 0, 0, 0, 2, 1, 0, 0, 0, 0, 0, 1",2,
180,how to make your own cat water fountain,ca,,,,,,,,,,,2021-03-11,,,,,,,,,,,,"0, 0, 0, 0, 0, 0, 0, 0, 0, 0, 0, 0, 0, 0, 0, 0, 0, 0, 0, 0, 0, 0, 0, 0",1,
181,how often should you change cat water fountain,ca,,,,,,,,10,,,2023-04-23,,,,,,,,,,,,"3, 7, 2, 2, 0, 2, 3, 2, 3, 5, 2, 4, 6, 4, 0, 0, 0, 0, 4, 0, 0, 2, 1, 2",3,
182,how to prevent mold in cat water fountain,ca,,,,,,,,10,,,2023-06-28,,,,,,,,,,,,"0, 0, 3, 1, 1, 2, 3, 1, 1, 0, 0, 1, 4, 1, 2, 3, 1, 0, 1, 0, 1, 0, 0, 2",2,
183,how to get cat to drink water from fountain,ca,,,,,,,,40,,,2023-09-04,,,,,,,,,,,,"4, 5, 6, 4, 2, 2, 10, 7, 0, 3, 4, 3, 0, 0, 1, 1, 2, 4, 1, 1, 1, 1, 3, 0",2,
184,how to keep cat water fountain from getting slimy,ca,,,,,,,,20,,,2025-08-10,,,,,,,,,,,,"0, 0, 0, 0, 0, 0, 0, 0, 0, 0, 0, 2, 0, 1, 0, 0, 0, 0, 0, 2, 2, 3, 1, 1",3,
185,why is my cat water fountain making noise,ca,,,,,,,,10,,,2023-02-06,,,,,,,,,,,,"0, 0, 0, 0, 3, 0, 0, 0, 0, 0, 0, 0, 0, 0, 0, 3, 0, 1, 0, 0, 0, 0, 2, 0",2,
186,where to buy cat water fountain,ca,,,,,,,,10,,,2022-09-10,,,,,,,,,,,,"0, 0, 0, 0, 0, 1, 0, 0, 0, 2, 1, 2, 0, 0, 0, 0, 0, 0, 1, 1, 1, 2, 2, 0",2,
187,why is my cat knocking over his water fountain,ca,,,,,,,,10,,,2025-12-12,,,,,,,,,,,,"0, 0, 0, 0, 0, 0, 0, 0, 0, 0, 0, 0, 0, 0, 0, 2, 0, 0, 1, 0, 0, 1, 0, 0",1,
188,how often to wash cat water fountain,ca,,,,,,,,20,,,2024-09-15,,,,,,,,,,,,"2, 0, 0, 0, 0, 0, 0, 0, 0, 0, 0, 0, 0, 3, 3, 3, 1, 2, 2, 2, 4, 3, 4, 3",4,
189,how much does a cat water fountain cost to run,ca,,,,,,,,,,,2026-05-29,,,,,,,,,,,,"0, 0, 0, 0, 0, 0, 0, 0, 0, 0, 0, 0, 0, 0, 0, 0, 0, 0, 0, 0, 2, 3, 1, 0",2,
190,where to put cat water fountain,ca,,,,,,,,40,,,2021-08-29,,,,,,,,,,,,"11, 2, 5, 1, 9, 3, 6, 4, 4, 7, 4, 2, 9, 1, 2, 1, 2, 3, 4, 2, 4, 4, 4, 4",4,
191,why won't my cat drink from a water fountain,ca,,,,,,,,,,,2021-12-16,,,,,,,,,,,,"0, 0, 0, 0, 0, 0, 0, 0, 0, 0, 0, 0, 0, 0, 0, 0, 0, 0, 0, 0, 0, 0, 0, 0",1,
192,how to get cat to drink from new water fountain,ca,,,,,,,,40,,,2024-06-08,,,,,,,,,,,,"0, 0, 0, 0, 0, 0, 0, 0, 0, 0, 0, 1, 0, 0, 0, 6, 6, 9, 3, 3, 4, 6, 3, 2",4,
193,how to teach cat to drink from water fountain,ca,,,,,,,,10,,,2020-11-17,,,,,,,,,,,,"1, 2, 1, 1, 2, 0, 1, 2, 1, 1, 2, 3, 3, 0, 0, 1, 1, 0, 0, 4, 1, 4, 1, 1",3,
